User,Email,Score
rana,rana@gmail.com,200
nomi,nomi@gmail.com,320
tommy,tommy@gmail.com,635
jack,jack@gmail.com,728
lisa,lisa@gmail.com,815
peter,peter@gmail.com,900
sara,sara@gmail.com,1020
adam,adam@gmail.com,980
oliver,oliver@gmail.com,1105
emma,emma@gmail.com,1150
lucas,lucas@gmail.com,1250
mian,mian@gmail.com,1340
liam,liam@gmail.com,1405
noah,noah@gmail.com,1500
ava,ava@gmail.com,1580
james,james@gmail.com,1650
sophia,sophia@gmail.com,1720
ben,ben@gmail.com,1805
amelia,amelia@gmail.com,1900
john,john@gmail.com,2000
rana,rana@gmail.com,200
nomi,nomi@gmail.com,320
tommy,tommy@gmail.com,635
jack,jack@gmail.com,728
lisa,lisa@gmail.com,815
peter,peter@gmail.com,900
sara,sara@gmail.com,1020
adam,adam@gmail.com,980
oliver,oliver@gmail.com,1105
emma,emma@gmail.com,1150
lucas,lucas@gmail.com,1250
mian,mian@gmail.com,1340
liam,liam@gmail.com,1405
noah,noah@gmail.com,1500
ava,ava@gmail.com,1580
james,james@gmail.com,1650
sophia,sophia@gmail.com,1720
ben,ben@gmail.com,1805
amelia,amelia@gmail.com,1900
john,john@gmail.com,2000
rana,rana@gmail.com,200
nomi,nomi@gmail.com,320
tommy,tommy@gmail.com,635
jack,jack@gmail.com,728
lisa,lisa@gmail.com,815
peter,peter@gmail.com,900
sara,sara@gmail.com,1020
adam,adam@gmail.com,980
oliver,oliver@gmail.com,1105
emma,emma@gmail.com,1150
lucas,lucas@gmail.com,1250
mian,mian@gmail.com,1340
liam,liam@gmail.com,1405
noah,noah@gmail.com,1500
ava,ava@gmail.com,1580
james,james@gmail.com,1650
sophia,sophia@gmail.com,1720
ben,ben@gmail.com,1805
amelia,amelia@gmail.com,1900
john,john@gmail.com,2000